{
  "accuracy": 0.8044692737430168,
  "precision": 0.7833333333333333,
  "recall": 0.6811594202898551,
  "f1": 0.7286821705426356,
  "roc_auc": 0.837878787878788,
  "confusion_matrix": [
    [
      97,
      13
    ],
    [
      22,
      47
    ]
  ],
  "feature_importance": {
    "Sex_binary": 0.14464622735977173,
    "Title_encoded": 0.3945810794830322,
    "Pclass": 0.15586072206497192,
    "HasCabin": 0.010880859568715096,
    "Deck_encoded": 0.07385894656181335,
    "Fare_log1p": 0.01932804472744465,
    "FareBin": 0.0,
    "FamilySize": 0.06649384647607803,
    "IsAlone": 0.0,
    "FamilyType": 0.0,
    "Age_imputed": 0.024546921253204346,
    "AgeBin": 0.0,
    "IsChild": 0.0,
    "IsMother": 0.0,
    "Embarked_C": 0.006804288364946842,
    "Embarked_Q": 0.04625982046127319,
    "Embarked_S": 0.02504521608352661,
    "Sex_Pclass": 0.03169404715299606
  },
  "roc_curve": {
    "fpr": [
      0.0,
      0.0,
      0.0,
      0.00909090909090909,
      0.00909090909090909,
      0.01818181818181818,
      0.01818181818181818,
      0.02727272727272727,
      0.02727272727272727,
      0.03636363636363636,
      0.03636363636363636,
      0.05454545454545454,
      0.05454545454545454,
      0.08181818181818182,
      0.08181818181818182,
      0.08181818181818182,
      0.1,
      0.1,
      0.10909090909090909,
      0.10909090909090909,
      0.11818181818181818,
      0.11818181818181818,
      0.13636363636363635,
      0.13636363636363635,
      0.19090909090909092,
      0.19090909090909092,
      0.20909090909090908,
      0.20909090909090908,
      0.24545454545454545,
      0.2545454545454545,
      0.34545454545454546,
      0.4,
      0.4,
      0.41818181818181815,
      0.42727272727272725,
      0.43636363636363634,
      0.43636363636363634,
      0.44545454545454544,
      0.4636363636363636,
      0.4909090909090909,
      0.509090909090909,
      0.5363636363636364,
      0.5454545454545454,
      0.5818181818181818,
      0.5818181818181818,
      0.6363636363636364,
      0.6636363636363637,
      0.6818181818181818,
      0.7727272727272727,
      0.7727272727272727,
      0.7909090909090909,
      0.7909090909090909,
      0.8454545454545455,
      0.8454545454545455,
      0.9363636363636364,
      0.9636363636363636,
      0.990909090909091,
      0.990909090909091,
      1.0,
      1.0
    ],
    "tpr": [
      0.0,
      0.014492753623188406,
      0.2028985507246377,
      0.2028985507246377,
      0.391304347826087,
      0.391304347826087,
      0.4057971014492754,
      0.4492753623188406,
      0.463768115942029,
      0.463768115942029,
      0.5072463768115942,
      0.5072463768115942,
      0.5217391304347826,
      0.5217391304347826,
      0.5507246376811594,
      0.5797101449275363,
      0.5797101449275363,
      0.6086956521739131,
      0.6086956521739131,
      0.6811594202898551,
      0.6811594202898551,
      0.7536231884057971,
      0.7536231884057971,
      0.782608695652174,
      0.782608695652174,
      0.7971014492753623,
      0.7971014492753623,
      0.8115942028985508,
      0.8115942028985508,
      0.8260869565217391,
      0.8260869565217391,
      0.8260869565217391,
      0.8405797101449275,
      0.8405797101449275,
      0.855072463768116,
      0.855072463768116,
      0.8695652173913043,
      0.8695652173913043,
      0.8695652173913043,
      0.8695652173913043,
      0.8695652173913043,
      0.8695652173913043,
      0.8840579710144928,
      0.8840579710144928,
      0.8985507246376812,
      0.8985507246376812,
      0.9130434782608695,
      0.9130434782608695,
      0.9130434782608695,
      0.9420289855072463,
      0.9420289855072463,
      0.9565217391304348,
      0.9565217391304348,
      0.9710144927536232,
      0.9710144927536232,
      0.9710144927536232,
      0.9710144927536232,
      0.9855072463768116,
      0.9855072463768116,
      1.0
    ]
  },
  "classification_report": "              precision    recall  f1-score   support\n\n    Perished       0.82      0.88      0.85       110\n    Survived       0.78      0.68      0.73        69\n\n    accuracy                           0.80       179\n   macro avg       0.80      0.78      0.79       179\nweighted avg       0.80      0.80      0.80       179\n"
}